Metric,Score,index,0
Accuracy,0.8551251872458806,,
ROC-AUC,0.9214311516020994,,
,,0.0,"              precision    recall  f1-score   support

     Class 0       0.82      0.91      0.86      4664
     Class 1       0.90      0.80      0.85      4682

    accuracy                           0.86      9346
   macro avg       0.86      0.86      0.85      9346
weighted avg       0.86      0.86      0.85      9346
"
