Metric,Score,index,0
Accuracy,0.8056666666666666,,
ROC-AUC,0.7508022790265437,,
,,0.0,"              precision    recall  f1-score   support

     Class 0       0.85      0.92      0.88      4687
     Class 1       0.58      0.41      0.48      1313

    accuracy                           0.81      6000
   macro avg       0.71      0.66      0.68      6000
weighted avg       0.79      0.81      0.79      6000
"
